_id,cardNumber,nameOnCard,paymentStatus
63902a13e77ba16d0578e223,1234567890123456,Siaba,Success
63903d17dccdf5202faf36a0,123456,siva,Success
644b0b367acd3e9bf41b7de2,12345678891,Shiva REddy,Success
644b37247acd3e9bf41b7e09,1234676794,shiva,Success
644b3e297acd3e9bf41b7e0e,1643461648,sfgfdg,Success
644b3f217acd3e9bf41b7e10,123456789,chandralekha,Success
644b41357acd3e9bf41b7e16,123456789,pradeep,Success
644bd48a9a8f5c03bdc6a73d,12345678,shiva,Success
644bfe5c9a8f5c03bdc6a747,124798946,kdon,Success
644c16a79a8f5c03bdc6a750,124356779,shva,Success
644c17d79a8f5c03bdc6a753,1234567,shva,Success
644f5314746900a2f58464f9,12345678,shiva,Success
644f55675e2281881b63fe01,12457852,shiva,Success
644f5ffc822266cfc510fb42,12346678,shiva,Success
644fe5a4822266cfc510fb49,1235678,shiva,Success
645299dbac782863d0e37c8b,1245678,shi,Success
64529a4fac782863d0e37c8e,12345678,shvs,Success
6452e044ac782863d0e37c91,12345678,shiva,Success
6452e3bcac782863d0e37c99,15731877138873,siv,Success
6455b04fe1e00e79753fdf9e,12345678,Shiva,Success